"StopName","InDegree","OutDegree","TotalDegree","InCloseness","OutCloseness","Betweenness","Eigenvector","PageRank"
"manzoor_colony",0,2,2,NA,0.115096481271283,0,0,0.00030973388685318
"100_ft_road",1,1,2,1,0.117428637734973,0.000635879672196383,0,0.000441370788765782
"azam_basti",1,2,3,0.666666666666667,0.132789902708388,0.00218440949061283,5.51669620090161e-18,0.000684899057304095
"kalapul",6,4,10,0.1617326269866,0.151807228915663,0.0378926936065322,0.0327303449381193,0.00558779615860594
"jinnah_hospital",6,9,15,0.173346693386774,0.171486900306227,0.113709000379139,0.107092237675662,0.00626803887985309
"luck_star_hotel",1,1,2,0.147947548460661,0.112701252236136,0.000249787952341183,0.0207484303773117,0.000901715336615698
"mansfield_street",2,1,3,0.161330432079577,0.126856279889252,0.00216918015325339,0.0882648573833221,0.0018665481075157
"empress_market",2,4,6,0.154879140555058,0.145161290322581,0.00625556886963468,0.0860074915128248,0.0025803117330543
"regal_chowk",3,3,6,0.155482324745357,0.131386861313869,0.00811594377430486,0.103840120019167,0.00230383956299113
"tibbat_centre",2,2,4,0.154925373134328,0.14968814968815,0.00184310395090465,0.111006526493733,0.00154050130139131
"m.a_Jinnah_road",11,9,20,0.188248095756257,0.175793512382281,0.106501557780073,0.434827288528124,0.00836847724808109
"jama_cloth_market",4,4,8,0.163722397476341,0.144785981039931,0.00549209785777168,0.153607585256882,0.00323214747426111
"city_court",3,2,5,0.160681114551084,0.130909090909091,0.00510442907079953,0.114692333656753,0.00276925083607781
"juna_market",2,1,3,0.144689155282966,0.129032258064516,0.004072955795674,0.0309222351330163,0.00240198887829919
"lee_market",3,6,9,0.137265273737107,0.147930730848254,0.0143865671769006,0.0100049581531132,0.00426996201924453
"kakri_ground",1,1,2,0.120866325104797,0.124721603563474,0.00141528441839404,0.00193839611696678,0.000914645172911731
"masan_road",2,2,4,0.12987987987988,0.14225232853514,0.0052185560710754,0.0109561377950699,0.00164158152350247
"agra_taj_colony",2,2,4,0.130140421263791,0.156133828996283,0.0133257773001324,0.0126871418582178,0.00180699908364221
"korangi_100_quarter",0,2,2,NA,0.134990644212777,0,0,0.00030973388685318
"korangi_no_5",7,7,14,0.144126631491252,0.155268022181146,0.0583745221907376,0.00389712768827171,0.0046842056415984
"landhi_no_6",4,5,9,0.142308746915273,0.15,0.0283137132231758,0.0050699157513081,0.00314644034650696
"landhi_no_5",3,3,6,0.127801034228023,0.15784528656436,0.0119820294527013,0.00158833290622039,0.0020475591546617
"landhi_no_4",3,3,6,0.13917940466613,0.130401034928849,0.0118922290587882,0.00300637434504663,0.00226536608863648
"landhi_no_3",1,1,2,0.122290292177191,0.109636719599739,0.00165688593930828,0.00058246564027592,0.000951587611965283
"landhi_no_2",1,1,2,0.109056524479933,0.123016841591408,0.0016107987423316,0.000112848961294863,0.00111858335702367
"landhi_no_1",3,2,5,0.130107796440211,0.140116763969975,0.00516207995841093,0.00238165142905822,0.00244160054970617
"dawood_chowrangi",6,7,13,0.144931583356604,0.150537634408602,0.054640504990944,0.00711003894835193,0.00532144900394709
"quaidabad",8,7,15,0.147779043280182,0.147153284671533,0.0588524623976034,0.0183328479028117,0.00641871167136077
"malir_city",2,2,4,0.129008202833706,0.134903640256959,0.00397158980346371,0.00357951040359425,0.00163197799158652
"malir_halt",6,4,10,0.151532846715328,0.148716435526704,0.0410488790015532,0.0592542178056689,0.00392510856985397
"star_gate",3,2,5,0.132465543644717,0.156619018023617,0.0276774348792204,0.0229283873305013,0.00313758364949716
"natha_khan_goth",1,2,3,0.117102888086643,0.165029469548134,0.00428775269787818,0.00444222717272678,0.00164320693788947
"drigh_road",7,9,16,0.161230195712954,0.185089974293059,0.0802578347119689,0.105677331667166,0.00633651096766774
"rashid_minhas_road",7,4,11,0.172539893617021,0.178407079646018,0.0911298323586997,0.309587231011042,0.00411821146088582
"drive-in-cinema",4,3,7,0.160432766615147,0.15422276621787,0.00466207504287248,0.133703234019225,0.00245122651312162
"jauhar_mor",4,4,8,0.148795871559633,0.161228406909789,0.00879637891022024,0.252183757284495,0.00283290596750823
"NIPA_chowrangi",15,16,31,0.169885433715221,0.181752614496935,0.0932096355373674,1,0.00999976912389884
"gulshan_chowrangi",5,5,10,0.153732227488152,0.171253822629969,0.0157032422602079,0.357793594807819,0.0032320181732645
"sohrab_goth",10,11,21,0.157034795763994,0.173733195449845,0.0832487601659404,0.320111642108477,0.00539131486535194
"power_house",6,6,12,0.147610921501706,0.151442307692308,0.0525461616713252,0.137930812512082,0.00394044205095447
"godhra",1,1,2,0.128976143141153,0.0691073632250103,0.00778566380926045,0.0267232053639622,0.00086796317740466
"new_Karachi_industrial_area",1,1,2,0.114518976169462,0.0741176470588235,0.00773957661228377,0.00517744869270558,0.00104750258764714
"saba_cinema",2,2,4,0.103717026378897,0.0799112097669256,0.00941715058223492,0.0010500861811816,0.00195140902971106
"new_Karachi_no_5",1,1,2,0.0941411209867586,0.0865384615384615,0.00777337389006667,0.000203447425259813,0.00113908272448038
"allahwali_masjid",1,1,2,0.0861839920292262,0.0945590994371482,0.00772728669308999,3.94166265460895e-05,0.0012779542026615
"4-k_chowrangi",2,2,4,0.10459492140266,0.104218362282878,0.0143454081789412,0.000287663722130172,0.00181395961898113
"kda_stop",1,1,2,0.0947945205479452,0.0915365056302216,0.00225448865042133,5.57329909266911e-05,0.00108066672492016
"maraqba_hall",1,1,2,0.0866733466933868,0.100638977635783,0.00220840145344465,1.07979075520249e-05,0.00122830060303532
"khuda_ki_basti",3,3,6,0.122232689590203,0.111751662971175,0.0181839946894794,0.012106023641783,0.00296311107839246
"lerp_colony",1,1,2,0.108964938064245,0.0914036996735582,0.00159154453559468,0.00234546400494822,0.00114928202573088
"mianwali_colony",1,1,2,0.120838183934808,0.111430466504532,0,0.000441336306949986,0.00147381815751272
"qasba_colony",3,2,5,0.137410643367752,0.125373134328358,0.00700339021151999,0.00227794063547421,0.00273902181332028
"banaras_chowk",6,5,11,0.158667074289208,0.143222506393862,0.0379301158391155,0.011302658185577,0.0052102505650737
"abdullah_college",3,4,7,0.142739273927393,0.142051860202931,0.0119817350808558,0.00324231188060809,0.00245676646386423
"paposh_nagar",5,5,10,0.147401306447032,0.155603581352269,0.0269660485822048,0.00826310195303229,0.00397313942094695
"abbasi_shaheed_hospital",1,1,2,0.128624535315985,0.135958996493121,0,0.00160092271199301,0.000985167588413787
"nazimabad_no_7",4,2,6,0.130107796440211,0.1571072319202,0.00756783536181817,0.00358242686753236,0.00263379043723041
"mujahid_colony",1,1,2,0.115256495669554,0.128374936321956,0.00353301848488518,0.000694072101359208,0.0014290948226761
"karimabad",5,4,9,0.152512488980312,0.159342396459058,0.0383440579246574,0.0407732789948758,0.00345198898539313
"liaquatabad_no_10",8,9,17,0.163670766319773,0.174696707105719,0.0665013825158518,0.0820627773410429,0.0054790945490781
"teen_hatti",9,8,17,0.169220736876426,0.18,0.065518129652234,0.186550547132198,0.0058819083263336
"mazar-e-quaid",3,3,6,0.156372401325701,0.159342396459058,0.00881007412321847,0.183598357242411,0.00170289602574812
"khudadad_colony",2,2,4,0.157320400121249,0.16128,0.037288473804976,0.036326040986523,0.00136101749348335
"nursery",3,3,6,0.156987295825771,0.16247582205029,0.024153024244161,0.0428467256679409,0.00336301740794839
"akhter_colony",7,3,10,0.164032869785082,0.133157199471598,0.0201003549685134,0.0384580258961999,0.00671489602587967
"qayyumabad",5,9,14,0.153278204370939,0.146086956521739,0.0508947533915527,0.0132546800188173,0.00648718681336886
"korangi_no_1",6,6,12,0.152199413489736,0.142857142857143,0.0307159777092816,0.00594843013487744,0.00530856202085923
"korangi_no_2",3,4,7,0.145663766488914,0.126189283925889,0.0201855518793639,0.00406204133475699,0.0029950989273447
"korangi_no_3",3,3,6,0.144931583356604,0.128669900434006,0.0129029024922624,0.014340831540013,0.00221581750824586
"korangi_no_4",3,3,6,0.134039256198347,0.134687332977018,0.00898077229220518,0.00328694745009767,0.00229846939507316
"korangi_market_no_6",2,2,4,0.122666036398015,0.122568093385214,0.00201535790792851,0.000906490361984973,0.00161111627674195
"degree_college",1,1,2,0.109355246523388,0.118727915194346,0.000341792838105863,0.000175626661386154,0.000994458304468511
"100_quarter",2,2,4,0.123748211731044,0.134579439252336,0.00489093203168233,0.000954735904683284,0.00242697155766229
"gul_ahmed_textile_mills",3,3,6,0.129685157421289,0.158291457286432,0.0522156212546336,0.0017048259345653,0.00230096172452657
"labour_square",5,5,10,0.17504215851602,0.169639851901717,0.106234512607704,0.024842236889971,0.00409665653223355
"zia_ul_haq_colony",0,1,1,NA,0.118656015037594,0,0,0.00030973388685318
"mominabad",2,2,4,0.0977585232623846,0.134364169554785,0.00328588266965618,3.00138369510913e-05,0.00142040860913288
"bijli_nagar",2,2,4,0.108282912580847,0.12319726228306,0.00323560287174445,0.000154915282836995,0.00199388451401263
"orangi_no_4",4,3,7,0.137848605577689,0.127112232030265,0.0158813092669154,0.00397213494990583,0.00339323113267977
"orangi_no_5",3,3,6,0.121859591453393,0.141176470588235,0.0161909652548801,0.000769697216544657,0.00241295112097271
"metro_cinema",1,1,2,0.10869109947644,0.125373134328358,0,0.000149123871680177,0.000993403371128436
"petrol_pump",11,7,18,0.164814226738647,0.179359430604982,0.0830245982034562,0.0681484647662495,0.00735478377370119
"gurumandir",11,9,20,0.185555952806578,0.180257510729614,0.0737608357963163,0.425329851871602,0.00732260344655326
"numaish",10,10,20,0.182041388986321,0.177277523742526,0.0596788789227191,0.469115862801391,0.00680015143165464
"shahrah-e-quaideen",5,3,8,0.164918970448046,0.147713950762016,0.0189163718184635,0.149111967866675,0.00397800215991588
"defence_society",3,3,6,0.150740633168748,0.142574257425743,0.00939355651959958,0.00835722963493407,0.002985024625448
"chamra_chowrangi",4,4,8,0.139403706688155,0.129496402877698,0.0093843632836191,0.0034150053969556,0.00305952671365257
"korangi_industrial_area",3,3,6,0.13825253063399,0.141097424412094,0.0140868450499105,0.00326651483652824,0.00244608014073316
"bilal_colony",3,3,6,0.145541222658441,0.135629709364909,0.0217152030413721,0.00759846338461891,0.00224906420892549
"bismillah_stop",2,2,4,0.12739322533137,0.120200333889816,0.0145129900056621,0.00147215327583117,0.00107860564795986
"dhobi_ghat",4,2,6,0.141032608695652,0.139341996129389,0.00902616623903587,0.00475220655599483,0.00299281908708441
"coast_guard",3,1,4,0.138178913738019,0.112224448897796,0.0158654340238487,0.0135454891142686,0.00132752390595707
"korangi_crossing",5,3,8,0.142230748150178,0.133016627078385,0.0108840558364235,0.00548445304798741,0.00515757998327576
"defence_view",1,1,2,0.133042809536016,0.126537785588752,0.0030219716639566,0.00256800876994346,0.000922412641447699
"baloch_colony",2,3,5,0.144972067039106,0.144702842377261,0.0169791024573848,0.0691706232786608,0.00164245253561739
"tariq_road",3,3,6,0.142347778387274,0.152173913043478,0.00537266205397051,0.119197739534584,0.00180245787871388
"shaheed-e-millat_road",6,5,11,0.154694485842027,0.176904176904177,0.0337413927849138,0.354453543878794,0.00322745825608754
"jail_road",5,4,9,0.160234640321087,0.17439446366782,0.0190810440037816,0.285895166967945,0.0026657653371406
"purani_sabzi_mandi",7,10,17,0.168287937743191,0.183941605839416,0.0525122933279257,0.654529288864176,0.00348043896828101
"hassan_square",6,9,15,0.166026871401152,0.177527298344487,0.04362410138166,0.514610557342458,0.00367876448415373
"shahrah_waliullah_road",1,1,2,0.135792778649922,0.131592689295039,0,0.0620195661553917,0.000726335490084539
"shafiq_mor",2,2,4,0.129847385539154,0.148672566371681,0.0111576016422702,0.0333492559528309,0.00142463772909445
"godhra_chowk",1,1,2,0.115077605321508,0.122330097087379,0.0034719386101364,0.0064612032607636,0.000915204921718321
"industrial_area",2,2,4,0.103468899521531,0.139149641082275,0.0049774537113746,0.0012518164613912,0.00135093187413896
"godhra_camp",1,1,2,0.0939366515837104,0.0741067490074989,0.000175131348511384,0.000242531366026844,0.000883879933362126
"saudabad",2,3,5,0.109171224232225,0.109636719599739,0.0142610686084739,0.000736331574942326,0.0011607833034347
"malir_jinnah_square",1,1,2,0.0985754985754986,0.119092627599244,0.00244763982343483,0.000142659493805499,0.000638622489492926
"17_bus_stop",1,1,2,0.126708984375,0.121533638775018,0,0.00137752419131101,0.000955909837330908
"babar_market",3,4,7,0.1320946805803,0.138195777351248,0.00920852054991387,0.00222687625955607,0.00241028692417585
"fareed_colony",0,1,1,NA,0.129686697483308,0,0,0.00030973388685318
"naiabadi",2,4,6,0.103737757345593,0.148716435526704,0.0154189918313175,0.000280027004947375,0.000990972350544227
"rasheedabad",5,3,8,0.161230195712954,0.15450643776824,0.0459228667720615,0.00918881224493093,0.00333793021814672
"board_office",3,6,9,0.13452566096423,0.160407383831954,0.0207901025187524,0.00538422406915758,0.00204118253007758
"hyderi",5,5,10,0.139291465378422,0.142292490118577,0.0227463946091826,0.0237818956478042,0.00257645454472523
"chowrangi",1,1,2,0.122376797925018,0.128342245989305,0.00356164793729745,0.00460758890465409,0.000747731159456469
"ziauddin_hospital",4,4,8,0.12955566650025,0.147067405894368,0.0244285172558976,0.00422853271305232,0.00347288322796533
"moosa_colony",1,2,3,0.114848417791547,0.149289099526066,0.00314223455090846,0.000819250941983934,0.00104772157279524
"gharibabad",1,1,2,0.140764849471115,0.150898203592814,0,0.0158991338605339,0.000827203927598987
"clifton",3,4,7,0.140498105035192,0.115888710048287,0.0135184594379754,0.00612273080648299,0.00245997530632049
"mohata_palace",1,1,2,0.123277909738717,0.0961648540354894,0.00123191842090999,0.00118623960629225,0.000832478639445374
"2_talwar",2,2,4,0.123424494649227,0.106329113924051,0.00636284582352723,0.00171999915767978,0.00185997010599338
"3_talwar",3,3,6,0.15188762071993,0.10586011342155,0.0159640301581625,0.0396992358453773,0.00240562867178109
"clifton_bridge",1,1,2,0.1320946805803,0.113718411552347,0.0074994621742321,0.00769147091187804,0.000991328677191155
"bagh_jinnah",1,1,2,0.116865570817383,0.128081321473952,0.00745337497725542,0.00149017288440212,0.00115236326246566
"shaheen_complex",2,2,4,0.108125,0.146596858638743,0.0115169480485613,0.000328080694579364,0.00228801990454203
"lucky_star",5,2,7,0.162849074364606,0.158490566037736,0.0132688174279702,0.0939945717650172,0.00389782624940446
"Saddar",9,10,19,0.182746478873239,0.177028451001054,0.0978400903887546,0.355659553065134,0.00804719946838553
"garden",7,6,13,0.167203608247423,0.17032781345049,0.0372377695471506,0.128052872891304,0.00619536581014949
"lasbela_chowk",7,9,16,0.172482552342971,0.173913043478261,0.0482422155129566,0.182626134375918,0.00607098626605425
"old_golimar",2,2,4,0.153550295857988,0.151898734177215,0.00323632102958557,0.0370128124720608,0.00151750150337891
"bara_board",2,2,4,0.147610921501706,0.145917776491025,0.00364359487885614,0.00841409557020098,0.00149269809741027
"habib_bank",6,5,11,0.165497448979592,0.161953727506427,0.0611391137123083,0.0427103563582384,0.00435623699477597
"valika",1,2,3,0.142113910186199,0.132911392405063,0.00587379305899754,0.0082748560915585,0.00105029417596404
"site_police_station",1,1,2,0.124579932789246,0.145244956772334,0.00254960046340285,0.00160320000052621,0.000756108911637183
"hub_river_road",7,5,12,0.16264493889063,0.153987167736022,0.0542092678750583,0.00958828684341821,0.00440902839350894
"sawat_colony",1,1,2,0.14012395580706,0.666666666666667,0.00319537899038314,0.00185766873796094,0.0010592687137497
"police_training_school",1,1,2,0.123109640831758,1,0.00160076197499001,0.00035991133727565,0.00121011229354042
"surjani_town",2,3,5,0.115513020253728,0.134723336006415,0.0248059624965716,0.00144534878176714,0.0014751693877618
"salim_centre",1,1,2,0.0940558173251178,0.129065300896287,0.00093721601298308,5.42534262241845e-05,0.000520315511343829
"nagan_chowrangi",3,4,7,0.130697557290355,0.148017621145374,0.0360588742026659,0.0342001091942848,0.00261964494912652
"sakhi_hasan",2,4,6,0.117553793884485,0.144827586206897,0.0150910024684415,0.00742575071362496,0.00173348716352371
"nazimabad",3,4,7,0.156372401325701,0.166556510244547,0.0155814777002417,0.113948960821656,0.00183942116670063
"golimar",3,4,7,0.156702898550725,0.166776968894772,0.00788879577914321,0.0623582869499162,0.00196240806728432
"ranchore_line",4,4,8,0.153368794326241,0.151990349819059,0.0137907581807816,0.0449116119963522,0.00430740416994324
"kmc_workshop",2,2,4,0.1370116156283,0.138537658053876,0.0058673510027539,0.018749430291123,0.00203073016494699
"baba_urdu_road",2,2,4,0.130434782608696,0.134256792754395,0.0122640626114944,0.0105942657070882,0.00201352996290558
"khaliq-u-zaman_road",2,2,4,0.141339869281046,0.104803493449782,0.0176751276583944,0.00573913429177424,0.00148145760004388
"khayaban-e-jami",1,1,2,0.124192390524049,0.0884365678189156,0.00318001659139091,0.00111192025550495,0.000939353366871047
"khayaban-e-iqbal",1,1,2,0.110755441741357,0.0967927789514116,0.00313392939441423,0.000215427378372076,0.00110818424869357
"hatim_alvi_road",1,1,2,0.0999422299248989,0.106892895015907,0.00308784219743755,4.17376651990171e-05,0.00125169049824271
"26th_street",4,3,7,0.129685157421289,0.119346436182808,0.0284205351558198,0.00239717346643759,0.00361292095517125
"abdullah_shah_ghazi_road",7,6,13,0.137556321229791,0.116022099447514,0.0366946376517997,0.00318941557493688,0.00677524191828457
"khayaban-e-shanshee",1,1,2,0.121127416724901,1,0.00159768949519157,0.000617928698075328,0.00126955982527683
"moach_goth",2,4,6,0.10807996668055,0.145035971223022,0.00905203756618633,0.000134982195234644,0.00179271615450956
"shershah",7,7,14,0.158909981628904,0.162057877813505,0.0648014050941127,0.0178640103956099,0.00460135901200498
"pankha_hotel",1,1,2,0.137337920084678,0.105131414267835,0.00318001659139091,0.00346103680339032,0.000868470338310928
"mirza_adam_khan_road",1,1,2,0.120922646784716,0.11731843575419,0.00313392939441423,0.000670553559315321,0.00104793367441747
"agra_taj_hanif_manzil",1,1,2,0.108012486992716,0.132701421800948,0.00308784219743755,0.000129915427501388,0.00120047751010803
"kharadar",4,4,8,0.1490950876185,0.152727272727273,0.0190444074162721,0.0545280644600951,0.00376279082025121
"ismail_jamat_khana",1,1,2,0.129814907453727,0.144,0,0.0105644608200859,0.00110932693615487
"tower",14,11,25,0.172196416721964,0.168112074716478,0.109998783789533,0.252887993643958,0.0121376747012272
"keamari",3,4,7,0.147527003979534,0.149377593360996,0.0103571722208055,0.0546112942171961,0.00260893759846737
"kpt_ground",1,1,2,0.128720238095238,0.107097322566936,0.00198898132969791,0.0105805860487487,0.000864133126526122
"shirin_jinnah_colony",2,2,4,0.115230905861456,0.119800332778702,0.00557447218400833,0.0041726013474683,0.00174191919188893
"ittehad_town",0,2,2,NA,0.133474017409654,0,0,0.00030973388685318
"dawood_goth",1,1,2,1,0.112647780504127,0.000313546563431345,0,0.000441370788765782
"naval_colony",2,1,3,0.0976297968397291,0.126696832579186,0.00185900390204934,2.61519297830584e-05,0.00106585124013724
"gulbai",6,7,13,0.15934909425852,0.160868177465688,0.0597365721567482,0.0699145291127456,0.00512959434536778
"khyaban_shamsher",1,1,2,0.115026595744681,0.102962206332993,0.00615176593468168,0.000464436898978183,0.00133339482415028
"saba_avenue",1,1,2,0.103345280764636,0.114545454545455,0.006105678737705,8.99816538738038e-05,0.00144311948738092
"azam_square",1,1,2,0.103160405485987,0.149024246008279,0,0.000158724586396074,0.000755015555290769
"new_town_police_station",2,2,4,0.146320834508035,0.147800586510264,0.00100612209279042,0.215974147683147,0.000925126515122354
"national_stadium",5,7,12,0.155668866226755,0.169411764705882,0.0158251891925101,0.180368368870797,0.00293521943666149
"dalimia_cement_factory",2,2,4,0.1490950876185,0.164652074485462,0.00497381396084013,0.0554195096783384,0.00126460164793299
"malir",1,1,2,0.138993036957686,0.128407643312102,0.0071620447960765,0.0204743014633503,0.000908182144909814
"k-_area",2,2,4,0.126123936816525,0.142172073342736,0.00406316849863958,0.000901328136433077,0.00162528102944943
"36-b_area",2,2,4,0.125787687833253,0.119743406985032,0.00628402569733568,0.000757092153754241,0.00164233204948129
"pahalwan_goth",4,5,9,0.119337778799724,0.149377593360996,0.00829616550381357,0.0620773391444356,0.00250903759083687
"cantt_station",3,5,8,0.14866800343741,0.162633107454017,0.0555600555134255,0.025393791600179,0.00255138839558026
"chirgh_hotel",1,1,2,0.116760404949381,0.130536130536131,0.0001423582306613,0.000431442913446446,0.000821919858239245
"36-b_auliya_masjid_burmi_colony",1,1,2,0.124699663623258,0.110236220472441,0.00203549680690431,0.000982263479295625,0.000844628745758326
"landhi_k-area",1,1,2,0.110968569595895,0.1237721021611,0.00198940960992763,0.000190307214179834,0.00102766832074776
"jahangir_road",1,1,2,0.156608328304164,0.152634766807995,0.00225066597082451,0.082404915710859,0.00100131310124844
"society_hospital",1,1,2,0.140883229477106,1,0.00159768949519157,0.0158991338605339,0.000827203927599445
"site_pathan_colony",1,0,1,0.12369420702754,NA,0,0.00308035464684116,0.00101285722531271
"raja_ghazanfar_ali_road",1,2,3,0.137447033898305,0.12568578553616,0.00249406034132737,0.00681891547978964,0.000858017048021545
"inverarity_road",1,1,2,0.120950827312981,0.13695652173913,0.0012241849398432,0.00132112089682612,0.000674391132261508
"bhittai_colony",1,1,2,0.133042809536016,0.1113074204947,0.00159154453559468,0.00256800876994347,0.000922412641447699
"korangi_bus_depot",1,1,2,0.117527173913043,0.125124131082423,0.001545457338618,0.000497535137260514,0.00109378463208372
"36-c_area",1,1,2,0.126062666990527,0.124567474048443,0,0.000755043355770455,0.000878530286188882
"taiser_town",1,1,2,0.0982954545454545,0.100558659217877,0.001545457338618,0.000454418524305598,0.00128662360872443
"surjani_sector-4",1,1,2,0.109056524479933,0.121387283236994,0.00739556877408321,0.00234546400494822,0.00114928202573104
"kda_site_office",2,3,5,0.120473537604457,0.137931034482759,0.0230949679508021,0.000834062414690923,0.0024187784043616
"two_minutes_chowrangi",2,1,3,0.115951742627346,0.0811463532442441,0.00794645691871242,0.0016081596226974,0.00237132978759811
"4-j_bus_stop",1,1,2,0.104154124021674,0.0881272949816402,0.00790036972173574,0.000311570555358043,0.00232536420631158
"khwaja_ajmeri_nagri",1,1,2,0.0945355191256831,0.0964224220394107,0.00785428252475906,6.03647856817148e-05,0.00228629346221802
"sector_no_7-d",1,1,2,0.0865432716358179,0.106441393875396,0.00780819532778239,1.16952879138778e-05,0.0022530833297385
"anda_mor",1,1,2,0.0797970479704797,0.118783879330662,0.00776210813080571,2.26588660663857e-06,0.0022248547171309
"qalandari_chowk",3,3,6,0.133487654320988,0.134364169554785,0.0210084219294769,0.0223119806488961,0.00300694120414916
"hussain_d.silva",1,1,2,0.117927743694615,0.134867540808135,0.00653859546706814,0.0043228023535711,0.00116170056136177
"bara_maidan",1,2,3,0.128592666005946,0.15249621785174,0.000794236027898117,0.001600922711993,0.000985167588413787
"gulbahar",1,1,2,0.141609822646658,0.148278905560459,0,0.0132033255370529,0.00120281477365894
"moach_mor",1,1,2,0.14012395580706,1,0.00159768949519157,0.00185766873796094,0.0010592687137497
"mehmoodabad_no_6",1,1,2,0.113294040602489,0.0694597574421169,0.0110578547946047,0.000285220202801466,0.000768141287235126
"mehmoodabad_no.5",1,1,2,0.102004716981132,0.0745121230041396,0.011011767597628,5.52595748157948e-05,0.000962653981003038
"mehmoodabad_no.4",1,1,2,0.0927613941018767,0.0803571428571429,0.0109656804006514,1.07061862337618e-05,0.00112798977070576
"mehmoodabad_no.3",1,1,2,0.0850540806293019,0.08719723183391,0.0109195932036747,2.07425453514672e-06,0.00126852519195308
"mehmoodabad_no.2",1,1,2,0.0785292782569224,0.0953101361573374,0.010873506006698,4.01873438655495e-07,0.0013879803000133
"mehmoodabad_no.1",1,1,2,0.0729342327150084,0.105087572977481,0.0108274188097213,7.78603869298516e-08,0.00148951714186448
"corporation",2,1,3,0.0683254344391785,0.117100371747212,0.0107997664915353,1.50849478322442e-08,0.00186690555679223
"parsi_colony",1,1,2,0.0640503517215846,0.132214060860441,0.0107536792945586,2.92261136574718e-09,0.00189660361012658
"regent_palaz",1,1,2,0.147821133580177,0.136882129277567,0,0.0207484303773117,0.000901715336615698
"patel_para",2,2,4,0.157990867579909,0.160407383831954,0,0.117787551431407,0.00157468402637481
"orangi_no_10",2,2,4,0.121346738368015,0.124015748031496,0.00697321279573371,0.000769594564236696,0.00212700872123514
"raees_amrohi_colony",0,1,1,NA,0.111331569664903,0,0,0.00030973388685318
"islam_chowk",2,3,5,0.0833601027947318,0.125031009675019,0.0109411005622638,5.26148039270106e-07,0.00167604694951053
"nishan-e-hyder_chowk",1,1,2,0.0770715770715771,0.124046271228157,0,1.01937789326723e-07,0.000784613855881111
"bismillah_hotel",1,1,2,0.128944099378882,0.145791148394562,0.00515525982265937,0.00195951756358954,0.00133194681839506
"gulistan-e-jouhar",3,3,6,0.123453853472883,0.146298984034833,0.00255105171719177,0.0407648690340369,0.00144386354569846
"safari_park",7,7,14,0.153232949512843,0.155076923076923,0.0233859534903545,0.446844898301508,0.00398426156318149
"civic_centre",5,6,11,0.152916912197996,0.167441860465116,0.0098266909406685,0.315737105602327,0.00309389275747962
"sabzi_mandi",2,2,4,0.137374272101641,0.155940594059406,0.000570087934822012,0.103015626146861,0.00114121412975546
"hyderabad_colony",1,1,2,0.13825253063399,0.152912621359223,0.000483266104881611,0.0553903447699869,0.000876209020994339
"saeed_manzil",3,2,5,0.155017921146953,0.149732620320856,0.00241755664483801,0.132513325085036,0.00219521435447862
"7th_day_hospital",2,2,4,0.166026871401152,0.157009345794393,0,0.151311660354171,0.00168532505605937
"islamia_college",6,7,13,0.173230974632844,0.175243393602225,0.0366587968166784,0.444078617820651,0.0034444403019266
"jail_chowrangi",7,9,16,0.161130083824899,0.177589852008457,0.0208444305096362,0.460213095734407,0.00338352687492658
"urdu_college",3,2,5,0.151798771570635,0.158990536277603,0.000179724721157111,0.354618055193702,0.00162671196348316
"Karachi_university",3,2,5,0.149223691776883,0.154696132596685,0.00615871767801315,0.215013578726552,0.00171693231110507
"safoora_goth",6,7,13,0.139067524115756,0.141136936432372,0.0268053123863445,0.148328988660682,0.00474317007697988
"defence_market",1,1,2,0.139328859060403,0.117592160522632,3.19537899038314e-05,0.0063412932432198,0.00149714057055477
"kpt_interchange",3,2,5,0.141764545206228,0.12051649928264,0.00718460114310552,0.0075792587502531,0.00449415243422441
"korangi_no_2-1/2",1,1,2,0.132195618950586,0.118783879330662,0.000583606564572552,0.00115246997528985,0.00106178017313976
"korangi_no_5-1/2",2,2,4,0.128656420426376,0.122627737226277,0.00128339924482412,0.00139186822564367,0.001529763281458
"ghouspak",0,1,1,NA,0.101080864691753,0,0,0.00030973388685318
"nasir_colony",3,2,5,0.139366272824919,0.11596870685688,0.00644780963870042,0.0023889848476154,0.00308449536668364
"brookse_chowrangi",1,1,2,0.122463426144408,0.107646304997864,0.000179364542900353,0.000661635271189967,0.000959883313503051
"defence_mor",3,3,6,0.146983857264231,0.134006913055039,0.0146878023160467,0.0140701534615266,0.00356443484703468
"new_town",4,5,9,0.153504880212955,0.167053364269142,0.00921074932118428,0.317006803316139,0.00205856419993707
"agha_khan_hospital",5,4,9,0.168670783230419,0.156182212581345,0.0162894295868418,0.334460800933658,0.00245067711476497
"aladin_park",3,1,4,0.141919606234619,0.153893129770992,0.00307623989197025,0.0938663077019866,0.00226183651911955
"kala_board",3,3,6,0.155902673475518,0.148804251550044,0.029592880310398,0.202232321664396,0.0028824750850112
"jauhar_chowrangi",3,3,6,0.133970056788849,0.143671607753706,0.00910778655971128,0.0986004013016583,0.00231386800749015
"hospital_chorangi",2,2,4,0.126492810138923,0.120603015075377,0.0143948934476863,0.000521424567320247,0.00138861265850311
"market_no_6",1,1,2,0.112386314421828,0.136807817589577,0.0127511167555181,0.000101022647083254,0.000899894266717004
"tasweer_mahal",1,1,2,0.114873837981408,0.128374936321956,0.0008560566644261,0.000330299029850243,0.00096167304213413
"mansehra_colony",1,1,2,0.126678057114962,0.123317837044287,0.00114631031067666,0.00137752419131101,0.000955909837330908
"korangi_no_6",3,3,6,0.135085892764185,0.140546569994423,0.0115109535324612,0.00350675965454571,0.00278775244287924
"murtaza_chowrangi",2,2,4,0.139591178052717,0.148278905560459,0.0214644029004324,0.00445674920999298,0.00173138298495257
"singer_chowrangi",3,3,6,0.152288732394366,0.156911581569116,0.0237711357053701,0.00974866225710253,0.00285518944767154
"bilal_chowrangi",4,4,8,0.159251304081006,0.13984461709212,0.0318395989479878,0.0351955740252243,0.00258015605256282
"vita_chowrangi",2,2,4,0.130533199195171,0.124876114965312,0.000400914714107039,0.00198275616801609,0.00132454055891221
"rehmania_mour",0,1,1,NA,0.107378269189879,0,0,0.00030973388685318
"khawaja_ajmeer_nagri",2,2,4,0.115822361080116,0.120057170080991,0.0174555353117002,0.0066260505888686,0.00112968224236777
"baradari",1,1,2,0.104028863499699,0.100258603540879,0.00356328916011836,0.00128375456805802,0.000789848839859482
"disco_mor",1,1,2,0.0944151355284701,0.111160123511248,0.00351720196314168,0.000248719168214385,0.00098110540073374
"nusrat_bhutto_colony",1,1,2,0.0864279766860949,0.124721603563474,0.003471114766165,4.81877347714809e-05,0.00114367347747686
"frere_hall",3,4,7,0.155575539568345,0.149955370425469,0.012326038451447,0.0858637931841286,0.00230965218759092
"f.b_area",0,1,1,NA,0.0966692189892802,0,0,0.00030973388685318
"noorani_masjid",2,1,3,0.147527003979534,0.10680228862047,0.0107473472047464,0.0489954178123609,0.00151091891759139
"peoples_colony",1,1,2,0.1287841191067,0.119374703931786,0.0107012600077697,0.00949254621390829,0.00159401496680586
"imam_bara",2,2,4,0.147779043280182,0.135302013422819,0.0209929205903082,0.010113975700014,0.00240520689774902
"humayun_road",1,1,2,0.128944099378882,0.121387283236994,0.0141969565552791,0.00195951756358954,0.00133194681839651
"north_nazimabad",3,3,6,0.117553793884485,0.139457664637521,0.0151366495201017,0.000766261110784523,0.00272254763664691
"sabil_wali_masjid",2,2,4,0.158038976857491,0.1508078994614,0.000867557507421306,0.117787551431407,0.00157468402637579
"soldier_bazar",2,2,4,0.145663766488914,0.16,0.000819415328247548,0.0476299967084144,0.001856651421164
"north_nazimabad_block_m",0,1,1,NA,0.130795130795131,0,0,0.00030973388685318
"water_pump",4,5,9,0.149826789838337,0.16710875331565,0.039197267652832,0.107734426592541,0.00257479285579958
"nazimabad_no_2",2,1,3,0.114216549295775,0.152311876699909,0.001545457338618,0.000620336901164435,0.00156582256208051
"burns_road",4,4,8,0.159398034398034,0.163265306122449,0.0113092997220721,0.126518365385579,0.0028214431806125
"new_Karachi",0,1,1,NA,0.1223649139811,0,0,0.00030973388685318
"liaquatabad",1,1,2,0.132431742791528,0.152681005755832,0.00341541228969059,0.00789955984524305,0.00104328154624866
"bandar_road",1,1,2,0.15861858190709,0.115942028985507,0.00318001659139091,0.0842449828110309,0.00110009007139236
"preedy_street",1,1,2,0.137047795088461,0.131011177540941,0.00313392939441423,0.0163219220965978,0.00124481044753669
"police_station",1,1,2,0.120641562064156,0.150582611293696,0.00308784219743755,0.00316226714088101,0.00136782276725936
"karella_mour",1,1,2,0.0940728656878738,0.131695845309642,0.00158533471833141,5.42534262241761e-05,0.000520315511343792
"saleem_centre",1,1,2,0.1287841191067,0.114675767918089,0,0.0267232053639622,0.00086796317740466
"post_office",1,1,2,0.140726681127983,0.152634766807995,0,0.0158991338605339,0.000827203927598987
"maymar_complex",1,1,2,1,0.13059219032842,0.00155160229821489,0,0.000573007690678383
"light_house",4,4,8,0.154005934718101,0.149200710479574,0.00389290046604057,0.125488914085001,0.00371096473325357
"nazimabad_chowrangi",2,2,4,0.145215444879687,0.153284671532847,0.000408489072987619,0.0252848414649136,0.00161982648795615
"hussainabad",2,2,4,0.135367762128326,0.137855579868709,0.0173409458287673,0.0151721823914864,0.00205867421142711
"azizabad_no.3",1,1,2,0.119392684610076,0.076271186440678,0.00634979158345367,0.00293951248805749,0.0011846704267097
"azizabad_no.4",1,1,2,0.10679012345679,0.0824877250409165,0.00630370438647699,0.000569511586697939,0.00131670374955643
"azizabad_no.8",1,1,2,0.0965940815187046,0.0898075552387741,0.00625761718950031,0.000110339196958997,0.00142893207397614
"dastagir",1,1,2,0.0881753312945974,0.0985529917872507,0.00621152999252363,2.13775077977735e-05,0.0015243261497329
"govt.comprehensive_school",1,1,2,0.0811064228785748,0.109185441941075,0.00616544279554695,4.14175426538507e-06,0.00160541111412615
"yasinabad",2,2,4,0.128274839347504,0.122389509470617,0.0141476071242436,0.0375373658674116,0.00238915921218599
"pakistan_refinery",0,1,1,NA,0.117605961807173,0,0,0.00030973388685318
"korangi_road",4,5,9,0.156184170929883,0.134149587436785,0.0234529468471435,0.0209098583577258,0.00434981371525135
"khokrapar_no_4",0,1,1,NA,0.0989807918463348,0,0,0.00030973388685318
"liaquat_market",1,1,2,0.0985942249240122,0.100358422939068,0.00318923403078625,0.000142659493805495,0.000638622489493012
"jinnah_square",1,1,2,0.0898856944925528,0.111332007952286,0.00314314683380957,2.76393568677685e-05,0.00085256300292224
"mohabbat_nagar",1,1,2,0.0825907065563335,0.125,0.00309705963683289,5.35494713801377e-06,0.00103441243933708
"malir_no_15",5,3,8,0.14756895081035,0.142493638676845,0.0238852025693601,0.0438091150412435,0.00450885316167549
"naurus_chowrangi",1,1,2,0.142113910186199,0.129197641630351,0.00791565558708641,0.0082748560915585,0.0010502941759651
"ghani_chowrangi",2,3,5,0.155715571557156,0.148235294117647,0.0187443595445356,0.00641622318236778,0.00189891554690185
"murghi_khana",2,3,5,0.129168740666999,0.135812449474535,0.00463208404954188,0.00387593255776999,0.00219187115388559
"airport",2,2,4,0.136471206941888,0.14027275257445,0.00132310024650333,0.0152806700904237,0.00168530775468695
"millenium_mall",2,2,4,0.14238683127572,0.13996112191058,0.0014865860985319,0.0693332780229123,0.00151017466300429
"fazal_mills",3,3,6,0.1479053861499,0.161693936477382,0.00838415379133417,0.318745913186926,0.00176956118049373
"al_asif_square",2,2,4,0.135899450117832,0.149910767400357,0.0157390122915544,0.0620195661553917,0.00121339202716117
"bolton_market",4,2,6,0.147359454855196,0.146383967470229,0.00579812138085332,0.0856235286567675,0.00395960924125157
"eidgah",1,1,2,0.128624535315985,0.132144729942318,0.0017155638486691,0.016589006463523,0.0019925678143851
"postoffice",1,1,2,0.147317627022424,0.135593220338983,0.0151182450369418,0.0353826357205479,0.000883104811979544
"sindhi_hotel",2,2,4,0.131093710532963,0.156619018023617,0.0192082605296761,0.00686566872827054,0.00184940898086537
"university_road",7,5,12,0.159839852171235,0.160407383831954,0.0303804158841882,0.549033648812307,0.00370593874473803
"pia_society",2,2,4,0.123336501901141,0.130266218661153,0.00573320661367662,0.0407648690340369,0.00131222664378531
"kda_chowrangi",3,3,6,0.125544267053701,0.161486702979814,0.0123487424596912,0.00592948475612912,0.00161328360728681
"paf_gate",1,1,2,0.137592788971368,0.100961538461538,0.00159154453559468,0.0135454891142686,0.000932613200217876
"masroor",1,1,2,0.121063680895731,0.11219946571683,0.001545457338618,0.00262435115666567,0.00110245510703837
"maymar_town",0,1,1,NA,0.14826776277158,0,0,0.00030973388685318
"nishter_road",2,2,4,0.148625429553265,0.15226586102719,0.00905749339547862,0.0359324709645617,0.00197820177870571
"ramsawami",2,2,4,0.155715571557156,0.142574257425743,0.00932567063408482,0.0518628624340534,0.00189570092230793
"haji_camp",5,4,9,0.140156629759654,0.143100511073254,0.0178265149973759,0.0146479910194858,0.00460524934478043
"jamat_khana",1,2,3,0.129814907453727,0.134042553191489,0.000164480085210106,0.0105644608200859,0.00110932693615656
"mauripur",4,4,8,0.138068635275339,0.144412607449857,0.0125662304796524,0.0184216725773298,0.00418742840864499
"crown_cinema",1,1,2,0.146983857264231,0.138651994497937,0,0.0489954178123609,0.00124764511376377
"new_truck_stand",2,1,3,0.137738853503185,0.12625250501002,0.00308784219743755,0.0140539402255864,0.0018697000412005
"younusabad",1,1,2,0.121523720495443,1,0.00159768949519157,0.00356908025455549,0.00119956242369024
"qaddafi_town",0,1,1,NA,0.128498727735369,0,0,0.00030973388685318
"moti_mehal",3,3,6,0.148158721096203,0.159797083069119,0.000681805392608232,0.325083318301008,0.00180701631424537
"gulshan_farooq",1,1,2,0.118008185538881,0.12847310731583,0.0112314327548473,0.0043228023535711,0.00116170056136211
"filter_plant",0,1,1,NA,0.110747765424024,0,0,0.00030973388685318
"saadi_town",1,2,3,1,0.124295170384898,0.00155774725781178,0,0.000573007690678383
"mosmayat",1,1,2,0.122146387385267,0.138309549945115,0,0.0287377849315651,0.000885690253343297
"kashmir_chowrangi",1,1,2,0.145337440492859,0.149244891915902,0.00349616138450716,0.193743550677782,0.000840971621559517
"denso_hall",2,2,4,0.145541222658441,0.144827586206897,8.30741187672973e-05,0.0540731467642357,0.00178514523094562
"allah_wali",1,1,2,0.103675589292849,0.119601328903654,0.00263366006827118,0.00028002700494738,0.000727698546718853
"d_mor",1,1,2,0.094038775140424,0.135629709364909,0.0025875728712945,5.42534262241695e-05,0.000928277651564205
"bahadurabad",2,2,4,0.1521101992966,0.1508078994614,0.00166473942814552,0.19161045158257,0.00112634008604419
"society_graveyard",1,1,2,0.124729632299928,0.128834355828221,0,0.0230937932901956,0.000820430285821051
"ftc",3,6,9,0.153504880212955,0.152082076041038,0.031457797063848,0.0349650866257952,0.00305429898599662
"askari_apartment",1,1,2,0.147947548460661,0.140077821011673,0,0.0207484303773117,0.000901715336615698
"khalid_bin_waleed_road",2,2,4,0.152199413489736,0.152082076041038,0.00199683018594437,0.118052801339039,0.00175638981479082
"kmc_hospital",1,1,2,0.145337440492859,0.143303952232016,0.0055942372980866,0.193743550677782,0.000840971621559517
"peoples_chowrangi",2,2,4,0.132600919775166,0.126,0.00563244314327364,0.0213045641821737,0.00167143230769897
"d.c_office",1,1,2,0.117182208173403,0.126633165829146,0.00173176576767155,0.00412762191029703,0.00102009261762524
"biscuit_factory",0,1,1,NA,0.114851034796452,0,0,0.00030973388685318
"korangi_telephone_exchange",1,1,2,0.127205882352941,0.112174493656799,0.000395240250987325,0.00147215327583118,0.000946968746048736
"double_road",1,1,2,0.127268268759196,0.114104595879556,0,0.000786994311195751,0.000946192408912804
"salim_square",1,1,2,0.116107382550336,0.0752126548276377,0.00425584173510249,0.00746639257888946,0.00161914747393279
"orangi_town",2,5,7,0.0990269032627361,0.126888217522659,0.0234676007005254,1.35098347405486e-05,0.00171058762658654
"iqbal_market",2,1,3,0.0906075418994413,0.111381215469613,0.00943558546102559,2.71569318010886e-06,0.00129769324568487
"rabia_city",1,1,2,0.132940573770492,0.130030959752322,0.000661060433245086,0.0865733171991865,0.000793537076667583
"mansoor_nagar",1,1,2,0.0902922755741127,0.0914866581956798,0.00159154453559468,2.61744335172842e-06,0.000600533783372814
"rehmat_chowk",1,1,2,0.0829736211031175,0.100458441299581,0.001545457338618,5.07112768662842e-07,0.000820187602720072
"nishan-e-haider_road",1,1,2,0.0770944741532977,0.119402985074627,0.00174379522015249,1.01937789323229e-07,0.000784613855881111
"bacha_khan_chowk",1,1,2,0.071704890853827,0.135120643431635,0.00169770802317581,1.97497892491539e-08,0.000976655664352124
"nazimabad_no_1",1,1,2,0.128624535315985,0.132352941176471,0.000794236027898117,0.00160092271199301,0.000985167588413787
"jauhar_square",3,4,7,0.133590733590734,0.155507559395248,0.00455043037298838,0.0944712476687556,0.00146590555177451
"hassan_chowrangi",1,1,2,0.137592788971368,0.115516846206738,0.00543966296863726,0.00681891547978965,0.000858017048022779
"samdani_hospital",1,1,2,0.145459641255605,0.109185441941075,0.00647972170725691,0.193743550677782,0.000840971621559517
"aisha_manzil",1,1,2,0.113890717577354,0.116612679315132,0.00239405359408626,0.00727262254624331,0.00132512655203223
"badar_hotel",1,1,2,0.121205044371789,0.109732201175702,0.0032386753515429,0.00076957552896609,0.00127114937444468
"yousuf_goth",1,1,2,0.0901824500434405,0.133616118769883,0.00361202749210861,2.61744335171886e-06,0.000600533783372814
"bukhramandi",1,1,2,0.140080971659919,0.0921557871640154,0.0220542599932405,0.00185766873796094,0.0010592687137497
"afridi_chowk",1,1,2,0.123014932448447,0.101408450704225,0.0220081727962639,0.000359911337275656,0.00121011229354042
"jamia_mehnodia",1,1,2,0.109655609549968,0.112726459405055,0.0219620855992872,6.97305004129787e-05,0.00133832933636254
"saddiq_akber_colony",1,1,2,0.090245174752217,0.09082717606776,0.00319537899038314,2.61744335172767e-06,0.000600533783372814
"sabri_chowk",1,1,2,0.0828941063727839,0.0997229916897507,0.00314929179340646,5.07112768660448e-07,0.000820187602720072
"urdu_chowk",1,1,2,0.076650420912716,0.110550559333187,0.00310320459642978,9.82498283966762e-08,0.00100689334916524
"landi_kotal",2,2,4,0.121517209084524,0.131730266596968,0.00622773621879388,0.00222827465683241,0.00217407914202321
"buffer_zone",1,1,2,0.117182208173403,0.13166144200627,0.00225997316323228,0.00412762191029703,0.00102009261762485
"bakhtawar_goth",1,1,2,0.109864521591871,0.110212114585611,0.00160383445478846,0.00789793046956905,0.000867430210461937
"gul_city",1,1,2,0.0990458015267176,0.1237721021611,0.00155774725781178,0.00153017309218055,0.00104704956574583
"mohajir_camp",2,2,4,0.105875152998776,0.144744399770247,0.0063292381450045,8.04053560072364e-05,0.000901267694176933
"dalmia_road",2,2,4,0.139854486661277,0.153658536585366,0.00276845373605444,0.048378083679277,0.00130797762165138
"suparco_chowk",1,1,2,0.138040881337935,0.666666666666667,0.00319537899038314,0.106371728562475,0.000939743473458646
"sachal_goth",1,1,2,0.121501865671642,1,0.00160076197499001,0.0206088363834271,0.00110851583929303
"rustam_goth",0,1,1,NA,0.134810464495462,0,0,0.00030973388685318
"aziz_bhatti_park",1,1,2,0.145296752519597,0.143507972665148,0,0.193743550677782,0.000840971621559517
"jamshed_road",1,1,2,0.144166666666667,0.152866242038217,0.00222146826965412,0.126810828447149,0.000605571199156634
"mira_naka",1,1,2,0.137192704203013,0.125310790651417,0,0.00346103680339032,0.000868470338310104
"chakiwara",3,2,5,0.139328859060403,0.143181818181818,0.00646162548233936,0.00606998647967242,0.00221158141193224
"siddiq_wahab_road",1,1,2,0.120753838994881,0.125248508946322,0,0.00193839611696678,0.000914645172911731
"lawrence_road",1,1,2,0.123014932448447,0.145664739884393,0.00577643875251664,0.00283795379041146,0.00128834937261685
"ispahani_road",1,1,2,0.135828317194452,0.127756653992395,0.00159154453559468,0.0620195661553917,0.000726335490084539
"disco_bakery",1,1,2,0.119667973253401,0.146341463414634,0.001545457338618,0.0120158909584412,0.000927119053425039
"baldia_town",1,2,3,0.137228979375992,0.112676056338028,0.00733436773486548,0.00346103680339032,0.000868470338310104
"saeedabad",1,0,1,0.120874012087401,NA,0,0.000670553559315326,0.000678833780634975
"plaza",2,2,4,0.17083607636603,0.141295206055509,0.0077432575652253,0.139635327581018,0.00166656520553474
"mai_kolachi_road",2,2,4,0.149395509499136,0.146639511201629,0.022808238959252,0.0495803365709783,0.00200432456755711
"boat_basin",2,1,3,0.138289368505196,0.119036372224846,0.00765105963086558,0.0107921100573531,0.00168431658065715
"bilawal_house",1,1,2,0.111182519280206,0.094311377245509,0.00159154453559468,0.000584918758617342,0.0010664133406482
"samandar_kinara",1,1,2,0.100135056916844,0.104046242774566,0.001545457338618,0.000113324237152566,0.00121618522640415
"26_street",1,1,2,0.120979020979021,0.095853936858121,0.00169507983060587,0.000617928698075323,0.00126955982527515
"saudi_embassy",2,2,4,0.124341159559176,0.105971404541632,0.00971024520383908,0.00121976745520928,0.00248229348536115
"khyaban-e-hafiz",1,1,2,0.110779082177161,0.0934544780270721,0.00481647785546762,0.00023632207777345,0.00136470861812969
"sultan_masjid",1,1,2,0.0998845265588914,0.102920155197059,0.00477039065849094,4.57858784513768e-05,0.00146973621226342
"khyaban-e-baharia",1,1,2,0.0909409497108814,0.114519427402863,0.00472430346151426,8.87071866207364e-06,0.00155900966727709
"gulshan-e-bahar",0,1,1,NA,0.112798749162386,0,0,0.00030973388685318
"shahrah_faisal",4,4,8,0.158424908424908,0.176966292134831,0.0553592938128288,0.0974486663705742,0.0030869768410341
"model_colony",2,2,4,0.12206020696143,0.116612679315132,0.0142737169836442,0.00380054754011883,0.00138300144177957
"khokrapar",2,2,4,0.0988194973343488,0.103746397694524,0.00694047582470479,0.00014265949380549,0.000901896293318129
"mohajir_camp_no_7",0,1,1,NA,0.109550561797753,0,0,0.00030973388685318
"mohajir_camp_no_5",1,1,2,1,0.122785731618539,0.00155467477801333,0,0.000573007690678383
"mohajir_camp_no_4",1,1,2,0.666666666666667,0.13969571230982,0.00310320459642978,7.74157531433256e-18,0.000796790423929806
"ahsanabad",0,1,1,NA,0.115710038874914,0,0,0.00030973388685318
"akbar_shah_goth",1,1,2,0.126798341867837,1,0.00146194170021251,0.00277844362223404,0.00093754884752284
"maroora_goth",1,1,2,0.0826170009551098,0.123985239852399,0.0058232985611085,1.70573097610197e-05,0.00150259324798178
"punjab_chowrangi",1,1,2,0.128401781296388,0.0876979293544458,0.0025469873271514,0.00272600149021739,0.00131965709351301
"gizri",3,2,5,0.137120211360634,0.0959817177680442,0.0105687272751222,0.00567785483093562,0.00257278528711552
"bilawal_chowrangi",3,4,7,0.124969901276186,0.135048231511254,0.0233433052916432,0.00301903602246925,0.00356084448844713
"new_sabzi_mandi",1,1,2,0.109148264984227,0.0908599242833964,0.00596156015203854,0.00234546400494821,0.00114928202573088
"gulshan-e-roofi",1,1,2,0.0985942249240122,0.0997427270928161,0.00591547295506186,0.000454418524305592,0.00128662360872443
"golden_city",1,1,2,0.0899012645071886,0.110550559333187,0.00586938575808518,8.80406583927252e-05,0.00140336395426894
"khoja_jamat_khana",1,1,2,0.147025495750708,0.113385826771654,0.00159154453559468,0.0489954178123609,0.00124764511376377
"g.allana_road",1,1,2,0.128274839347504,0.127789046653144,0.001545457338618,0.00949254621390829,0.00137023223355238
"metroville_no_iii",0,1,1,NA,0.102233849869189,0,0,0.00030973388685318
"abul_hassan_isphani_road",1,1,2,1,0.113651647612643,0.00155774725781178,0,0.000573007690678383
"dhoraji_colony",1,1,2,0.666666666666667,0.12797167425392,0.00310934955602667,9.14289727586171e-18,0.000796790423929806
"disco_chowk",1,1,2,0.5,0.146461716937355,0.00465480689464467,3.692994709738e-18,0.000987005747193515
"taj_mahal_hotel",2,1,3,0.141147674734838,0.146596858638743,0.00465178781663818,0.0256543106640873,0.00139840882192023
"indian_high_commission_office",1,1,2,0.129717570607348,0.0920884341311895,0.00634774326358804,0.00491988334979032,0.000743469914100894
"fatima_jinnah_road",1,1,2,0.115052094879184,0.101245480112495,0.00630165606661136,0.00095319566910887,0.00094168331383894
"metropole_hotel",1,1,2,0.10336586337383,0.112424715592237,0.00625556886963468,0.000184675513423843,0.00111016470361628
"musical_fountain",1,1,2,0.093834749593202,0.126379137412237,0.006209481672658,3.57796896939785e-05,0.00125337388492702
"strachen_road",1,1,2,0.0859129283231253,0.144288577154309,0.00616339447568132,6.93208412346341e-06,0.00137510168904114
"baldia_swat_colony",1,1,2,0.120753838994881,0.126760563380282,0.00569059104269723,0.000670553559315323,0.000678833780634975
"al-azam_town",0,1,1,NA,0.14826776277158,0,0,0.00030973388685318
"mid_east_hospital",1,1,2,0.132080264160528,1,0.00159768949519157,0.00769147091187805,0.000991328677191155
"gulshan_umar",1,1,2,0.666666666666667,0.110432125709297,6.14495959689065e-06,8.81434859660912e-18,0.000553262155391493
"race_course",1,1,2,0.5,0.123895976447498,0.00155160229821489,5.59277774588086e-18,0.000780006718935949
"shershah_ghani_chowrangi",1,1,2,0.134945397815913,0.14528682617469,0.00480978025630893,0.0100480951162868,0.00111540677883196
"chandni_chowk",1,1,2,0.139074618882054,0.666666666666667,0.00319537899038314,0.0017802731108444,0.00125548078199475
"moach_colony",1,1,2,0.122300469483568,1,0.00160076197499001,0.000344916433671167,0.00137689255154872
"faqeer_colony",1,1,2,0.10832811521603,0.133616118769883,0.00412296373200875,0.00014910398345754,0.00121371259337734
"jamila_street",1,1,2,0.123044096728307,0.132283464566929,0.00118742809543805,0.00283795379041145,0.00128834937261902
"shahrah-e-liaquat",1,1,2,0.115564462257849,0.115649380449748,0.00358717216812026,0.00205257065491514,0.00116548412108664
"fresco_chowk",1,1,2,0.103737757345593,0.130536130536131,0.00354108497114358,0.000397672326700284,0.00130039538977682
"mohammad_bin_qasim_road",1,1,2,0.0941069809610154,0.149821640903686,0.0034949977741669,7.70464485812067e-05,0.00141506996816348
"mir_karim_ali_talpur_road",1,1,2,0.134316770186335,0.123076923076923,0.00229427862619862,0.0166633967905839,0.000858050130125973
"wellington_street",1,1,2,0.118574366004112,0.140116763969975,0.00224819142922194,0.00322842566056048,0.00103907649746026
"dehli_colony",1,1,2,0.123307198859587,0.0876369327073552,0.00026914923034381,0.00118623960629225,0.000832478639445374
"zamzaman_neelam_colony",1,1,2,0.120697674418605,0.104046242774566,0.00246138750793558,0.00110004775517849,0.00140316763387487
"khyaban_saadi",1,1,2,0.121007227792026,0.119064493267186,0.0107320967878257,0.000617928698075319,0.00126955982527515
"memon_goth",0,1,1,NA,0.116124599175447,0,0,0.00030973388685318
"jama_goth",1,1,2,1,0.131122052345167,0.00155467477801333,0,0.000573007690678383
"asso_goth",1,1,2,0.666666666666667,0.150611392782583,0.00310320459642978,5.90651640365588e-18,0.000796790423929806
"p.i.b_colony",2,2,4,0.138955823293173,0.161745827984596,0.00308784219743755,0.0904750422607075,0.00137385883082838
"shoe_market",1,1,2,0.143330571665286,0.13200628601362,0,0.0248094182684518,0.00118741070995567
"model_mor",1,2,3,0.266666666666667,0.131168831168831,0.0100829825585563,1.39085516602015e-17,0.000841513145038366
"colony_gate",3,2,5,0.145541222658441,0.148017621145374,0.0117911741461395,0.0349149552937097,0.00245852351174506
"nata_khan_bridge",1,1,2,0.127112417340191,0.156279069767442,0.00089281142143157,0.00676454741035932,0.00135460637934483
"paf_base_faisal",1,1,2,0.139030270559871,0.10958904109589,0.00176940841817789,0.0204743014633503,0.000908182144909814
"laal_kothi",1,1,2,0.122203908641394,0.122926829268293,0.00172332122120121,0.00396676386315678,0.00108168871002652
"karsaz",2,1,3,0.135297184567258,0.13996112191058,0.00437468748002504,0.0357137431305365,0.00158558879339838
"regent_plaza",1,1,2,0.133350462487153,0.116236162361624,0.00406418253936408,0.00677426003263775,0.000742426243202701
"metropole",2,2,4,0.120501509171117,0.13125,0.00725633733683071,0.00151567238860585,0.00180609435918593
"fawara_chowk",2,2,4,0.116839261593877,0.119318181818182,0.00584545964128608,0.00104882560455383,0.0020359956837893
"arts_council",1,1,2,0.104763827210335,0.128081321473952,0.0025611304498661,0.000203203196668034,0.0011750320524624
"i.i.chundrigar",1,1,2,0.0977401129943503,0.144288577154309,0.00246030216442236,6.35635186766494e-05,0.00128214234628253
"fisheries",1,1,2,0.147142048670062,1,0.00159768949519157,0.0489954178123609,0.00124764511376619
"cod",1,1,2,0.12962037962038,0.156327543424318,0.00277253498862773,0.048858976559562,0.000911726404947658
"shah_faisal_colony",1,1,2,0.127237067908801,0.135849056603774,0.00925765851233817,0.00676454741035932,0.00135460637934338
"up_mor",4,2,6,0.130895334174023,0.129363449691992,0.0190474710064558,0.0385375025530885,0.00308097314606966
"5_star_chowrangi",1,1,2,0.105316558441558,0.13926499032882,0.00171995334838103,0.00143869130970578,0.000678099909101791
"nazimabad_eid_gah_ground",1,1,2,0.111660929432014,0.148936170212766,0.000502201764200177,0.00114879943034224,0.000766830908917484
"essa_nagri",1,1,2,0.140841248303935,0.14363066400684,0.00182138694722975,0.0158991338605339,0.000827203927598987
"shahrah_e_pakistan",1,1,2,0.135899450117832,0.129796549060005,0.00205791808240887,0.0620195661553917,0.000726335490084539
"ayesha_manzil",1,1,2,0.11977844449573,0.148936170212766,0.00201183088543219,0.0120158909584412,0.000927119053425039
"laloo_khait",1,1,2,0.140726681127983,0.152634766807995,0,0.0158991338605339,0.000827203927598987
"jehangir_road",1,1,2,0.144891122278057,0.150762787915046,0,0.0361429653822749,0.000934686646525328
"mobile_market",2,2,4,0.154648390941597,0.124168514412417,0.00775538846702783,0.0942998026068826,0.00179241759541444
"civil_hospital",1,1,2,0.121802393804271,0.115942028985507,0.000765404266991889,0.00354526313061962,0.00115568167812135
"salah_uddin_ayubi_road",0,1,1,NA,0.0570005534034311,0,0,0.00030973388685318
"allah_wali_chowrangi",1,1,2,1,0.0603286384976526,0.0015792546164009,0,0.000573007690678383
"national_highway_5",1,1,2,0.666666666666667,0.06407694229328,0.0031523642732049,7.14932496041045e-18,0.000796790423929806
"steel_mill_more",1,1,2,0.5,0.0683304417456293,0.00471932897041202,5.96525746783034e-18,0.000987005747193515
"port_bin_qasim_more",1,1,2,0.4,0.0731986821372296,0.00628014870802225,1.55224900153851e-18,0.00114868877196767
"razzakabad",1,1,2,0.333333333333333,0.0788253477588872,0.00783482348603558,2.73462322835005e-18,0.0012861193430257
"abdullah_goth",1,1,2,0.285714285714286,0.0854026845637584,0.00938335330445202,2.43720719764874e-18,0.00140293532842502
"chowkundi_more",1,1,2,0.25,0.0931939093744267,0.0109257381632716,2.38750751686512e-18,0.00150222891601445
"fast_university",1,1,2,0.222222222222222,0.102569289904916,0.0124619780624942,0,0.00158662846546546
"bhains_colony_more",1,1,2,0.2,0.114066726780884,0.01399207300212,8.27950533713086e-18,0.00165836808249882
"manzil_pump",1,1,2,0.181818181818182,0.128498727735369,0.0155160229821489,5.43660191290391e-18,0.00171934675697718
"prince_aly_boys_school",1,1,2,0.114468460520512,0.103512014787431,0.0015930807754939,0.000750936935929958,0.000930764047120078
"nadra_center_malir",1,1,2,0.102772277227723,0.115384615384615,0.00154699357851722,0.000145489188302158,0.00110088332690525
"malir_session_court",2,2,4,0.114191419141914,0.13033359193173,0.00467016929363689,0.00167263121745115,0.00259464065498366
"taj_complex",1,1,2,0.154280618311534,0.0997032640949555,0.00159154453559468,0.0908881729384126,0.000887746758542373
"capri_cinema",1,1,2,0.13386639153985,0.110599078341014,0.001545457338618,0.0176089973397043,0.0010643186316142
"abdullah_haroon_road",1,1,2,0.134805194805195,0.09658873131468,0.00350631095331068,0.0201183535553205,0.000962488429699313
"zainab_market",1,1,2,0.11898211829436,0.106757042999365,0.003460223756334,0.00389780125159877,0.0011278490520976
"pso_head_office",1,1,2,0.13487525987526,0.095853936858121,0.000972686432175785,0.0166355561661558,0.000800534976715028
"ocean_mall",1,1,2,0.131926792069141,0.0961465089660435,0.00362848478117747,0.00769147091187805,0.000991328677190154
"bagh_ibn_e_qasim",1,1,2,0.121176745272006,0.0933679140422379,0.00304735620673522,0.000617928698075317,0.00126955982527515
"dolmen_mall_clifton",2,1,3,0.11219195849546,0.102794207627983,0.00354022768783142,0.000154999713071102,0.00305997442359599
"seaview_clock_tower",2,2,4,0.113417832167832,0.114545454545455,0.0120982735148652,0.000182096451297996,0.0039320345535606
"khayaban_e_ittehad",3,3,6,0.104008016032064,0.129065300896287,0.0254402694758678,5.44320226883389e-05,0.00453265835357574
"dha_phase_7",1,1,2,0.0943979628955984,0.0890302066772655,0.00318001659139091,1.05458533462232e-05,0.00159398708703074
"dha_phase_6",1,1,2,0.0864135864135864,0.0975232198142415,0.00313392939441423,2.04319107221811e-06,0.00166462291082931
"dha_phase_2",1,1,2,0.0796745471292601,0.107807486631016,0.00308784219743755,3.95855093048981e-07,0.0017246633610581
"indus_hospital",2,2,4,0.128592666005946,0.117592160522632,0.00367265090511473,0.00152542781393508,0.00308195874628447
"cbm_university",1,1,2,0.114135206321335,0.666666666666667,0.00173343729017063,0.000295541800974419,0.00161956635402408
"parco",1,1,2,0.10261965727792,1,0.000138820274777506,5.7259317894491e-05,0.00168636528777365
"khadda_market",1,2,3,0.115077605321508,0.111627906976744,0.0187909134158789,0.000464436898978182,0.0013333948241517
"gizri_road",1,1,2,0.103427660422479,0.0917364397524572,0.00553279360104874,8.99816538738015e-05,0.000876426687117653
"submarine_chowk",1,1,2,0.0939196525515744,0.100779844031194,0.00548670640407206,1.74333651173768e-05,0.00105469657090319
"eidgah_clifton",1,1,2,0.0860125952933378,0.111801242236025,0.00544061920709538,3.37760205810511e-06,0.00120622597212089
"pidc",1,1,2,0.0793335371446041,0.125529265255293,0.0053945320101187,6.54388615518827e-07,0.00133502596315593
"us_consulate_general",1,1,2,0.123131672597865,0.112399643175736,0.00167905900185373,0.00283795379041146,0.00128834937261685
"m.t._khan_road",1,1,2,0.109794795853607,0.126410835214447,0.00163297180487705,0.000549835244013776,0.00140483085357751
"naddi_kinara",0,1,1,NA,0.0941637143389894,0,0,0.00030973388685318
"saudabad_chowrangi",1,1,2,0.0900885262975178,0.1152,0.00529669913253654,2.76393568677809e-05,0.000693039811513385
"rcd_ground",1,1,2,0.0827751196172249,0.129863437258439,0.00525061193555986,5.35494713801228e-06,0.000898817726639557
"malir_mandir",1,1,2,0.128656420426376,0.115358205539025,0.00162073309367991,0.00848773350014194,0.00158724228266002
"landhi_road",2,1,3,0.136363636363636,0.104003301692117,0.0014044292517466,0.00232018335349596,0.00163089020174618
"national_medical_center",1,1,2,0.12824314306894,0.12827691524561,0.000925824524543301,0.0027260014902174,0.00131965709350953
"gora_qabristan",5,4,9,0.159594095940959,0.147024504084014,0.0252356163451001,0.0401755784968931,0.00534460041492541
"jutt_land",1,1,2,0.133299154063061,0.5,0.00479306848557471,0.00677426003263776,0.000742426243202701
"lines_area",1,1,2,0.117819990954319,0.666666666666667,0.00320152394998003,0.00131246919193782,0.000940796193575476
"army_public_school",1,1,2,0.105582524271845,1,0.00160383445478846,0.000254282441401232,0.00110941065139233
"cmh_malir_cantt",0,1,1,NA,0.104687177369399,0,0,0.00030973388685318
"tank_chowk",2,2,4,0.318181818181818,0.11669741697417,0.00883145912065628,0,0.00125124531337691
"jinnah_ave",3,3,6,0.1384,0.131318394997394,0.0188803128193449,0.0196163822063919,0.00191113516496895
"dha_phase_1",1,1,2,0.135226680562793,0.0933333333333333,0.00710169040257067,0.00405115020239526,0.00104920221844377
"masjid_e_ayesha",1,1,2,0.119228118538939,0.102857142857143,0.00705560320559399,0.000784884224541054,0.00120155577253038
"bahria_town",0,1,1,NA,0.0704244574860106,0,0,0.00030973388685318
"damba_goth",1,1,2,1,0.0756129790045515,0.00158232709619934,0,0.000573007690678383
"toll_plaza",1,1,2,0.666666666666667,0.0816391359593393,0.00315850923280179,3.90603755091143e-18,0.000796790423929806
"baqai_university",1,1,2,0.5,0.0887236250432376,0.00472854640980736,5.0156208998599e-18,0.000987005747193515
"malir_cantt_gate_5",1,2,3,0.4,0.0971721389257924,0.00629243862721603,5.12625404295084e-18,0.00114868877196767
"malir_cantt_gate_6",1,1,2,0.333333333333333,0.104687177369399,0.00573747196362184,4.7457371976258e-18,0.000797926614939439
"rim_jhim_tower",1,1,2,0.333333333333333,0.0917961691362486,0.00209735152241374,4.98553761086331e-18,0.000797926614939439
"safoora_chowrangi",1,1,2,0.285714285714286,0.100875447672105,0.00363973638123329,4.3593438922141e-18,0.000987971509551703
"mausamiyat_chowrangi",1,1,2,0.25,0.111971675149369,0.00517597628045596,8.46427578031128e-18,0.00114950966997213
"kamran_chowrangi",1,1,2,0.222222222222222,0.125841016695739,0.00670607122008173,4.16484895037033e-18,0.00128681710632949
"bahria_university",1,1,2,0.12275307473983,0.14495254529767,0.000285549024713028,0.00937294170700996,0.000865624376055017
"aga_khan_hospital",1,1,2,0.13487525987526,0.122508507535246,0.00159154453559468,0.0349452082149881,0.000666153389875832
"liaquat_national_hospital",1,1,2,0.11898211829436,0.139419087136929,0.001545457338618,0.00677040871874618,0.000875964268247638
"dawood_engineering_university",1,1,2,0.13884430176565,0.149200710479574,0,0.0891633192359978,0.000629289202817891
"people_secretariat_chowrangi",1,1,2,0.147736976942784,0.15067264573991,0,0.0860373681966545,0.000727987352086153
"north_karachi",1,1,2,0.0947772096420745,0.114675767918089,0.0104502153161501,5.57329909266924e-05,0.00108066672491997
"shahrah-e-jehangir",2,2,4,0.105380710659898,0.150178784266984,0.00277898832139579,0.00143869130970577,0.000941373712926994
"shahrah-e-humayun",1,1,2,0.122347949080622,0.109185441941075,0.00198112077350066,0.00460758890465409,0.000747731159456138
"orange_line",1,1,2,0.109079445145019,0.122478736330498,0.00193503357652398,0.000892690634451221,0.000945305372390897
"eid_gah_bagh",1,1,2,0.105359317904994,0.116693679092382,0.000669623366989402,0.000148458148349706,0.00108112238390265
"urdu_bazaar",2,2,4,0.13843691651107,0.131833638503793,0.00676306170901659,0.0182987413940597,0.00199046539122157
"gul_bahar",1,1,2,0.121745249824068,0.148366205475419,0.0043569532296549,0.00354526313061963,0.00115568167812235
"aurangzeb_market",1,1,2,0.144564915207117,0.5,0.00479306848557471,0.0647996231354215,0.000830502773740737
"merewether_tower",1,1,2,0.126517727051967,0.666666666666667,0.00320152394998003,0.0125545090688387,0.00101566124453281
"karachi_port_trust",1,1,2,0.1125,1,0.00160383445478846,0.00243235516401321,0.00117304594470607
"town_municipal_administration_office",0,1,1,NA,0.5,0,0,0.00030973388685318
"pone_panch_chowrangi",1,1,2,1,0.666666666666667,6.14495959689065e-06,0,0.000573007690678383
"abdullah_chowrangi",1,1,2,0.666666666666667,1,6.14495959689065e-06,9.91824448741814e-18,0.000796790423929806
"machine_tool_factory",1,0,1,0.149210903873745,NA,0,0.00481302318184158,0.00100616549733288
"banalipara",1,0,1,0.110309715740348,NA,0,0.000184973924132899,0.00134119679885965
"ayub_goth",1,0,1,0.0941346850108617,NA,0,0.000203447425259814,0.00113908272448038
"saeedabad_naiabadi_sector-8",1,0,1,0.10980227177114,NA,0,6.97305004129808e-05,0.00133832933636254
"sea_view",1,0,1,0.108226007478189,NA,0,0.000119719700030795,0.00138885973833848
"ground_landhi",1,0,1,0.111924235901851,NA,0,0.000146681722058637,0.00100772500788273
"baldia_yousuf_goth",1,0,1,0.123109640831758,NA,0,0.000359911337275653,0.00121011229354042
"sharifabad",1,0,1,0.121665886757136,NA,0,0.000632866182770628,0.00100278992672758
"tokyo_terrace_plaza",1,0,1,0.122295390404516,NA,0,0.028737784931565,0.000885690253343595
"hawksbay",1,0,1,0.137675403759598,NA,0,0.0135454891142686,0.000932613200219268
"sands_pit",1,0,1,0.108541666666667,NA,0,0.000691486281171561,0.00132936194698989
"mustafabad_colony",1,0,1,0.117967332123412,NA,0,0.0043228023535711,0.00116170056136211
"bhains_colony",1,0,1,0.112481072896388,NA,0,0.000101022647083255,0.000899894266717004
"miran_hospital",1,0,1,0.122295390404516,NA,0,0.028737784931565,0.000885690253343595
"mohammad_khan_goth",1,0,1,0.108523908523909,NA,0,0.00399282913626262,0.00125197235025226
"gulshan_jauhar_goth",1,0,1,0.133094445866394,NA,0,0.0865733171991864,0.000793537076668075
"chaman_colony",1,0,1,0.0900900900900901,NA,0,2.76393568677828e-05,0.000693039811513385
"ibrahim_hyderi",2,0,2,0.113695652173913,NA,0,0.000549399156287926,0.00254006090185519
"kothari_parade",1,0,1,0.116868550919695,NA,0,0.00149017288440212,0.00115236326246566
"qasim_ali_shah",1,0,1,0.109159347553325,NA,0,6.68253345465795e-05,0.00148009255566959
"dockyard",1,0,1,0.128483353884094,NA,0,0.00949254621390828,0.00137023223355444
"shan_chowrangi",1,0,1,0.135310954983086,NA,0,0.00405115020239526,0.00104920221844591
"lyari",1,0,1,0.128776622090144,NA,0,0.0105805860487487,0.000864133126527496
"lucky_star_saddar",1,0,1,0.0956648984817999,NA,0,4.92655830720924e-05,0.00125273294053666
"karachi_city_station",1,0,1,0.101297695138485,NA,0,0.000471253125985357,0.00130682293985334
"jinnah_university",1,0,1,0.5,NA,0,5.92653570238806e-18,0.000987005747193515
